id,firstname,surname,dob
1,Adriana,Dibson,11/07/2017 12:00:00 AM
2,Con,Van Vuuren,19/09/2017 12:00:00 AM
3,Robinett,Groveham,13/03/2018 12:00:00 AM
4,Leroi,Giacubo,01/03/2018 12:00:00 AM
5,Travers,Hammand,01/04/2018 12:00:00 AM
6,Brion,Costell,04/02/2018 12:00:00 AM
7,Lu,Glede,09/05/2017 12:00:00 AM
8,Pollyanna,Iorizzo,22/11/2017 12:00:00 AM
9,Dulcinea,Headly,03/08/2017 12:00:00 AM
10,Eric,Chasen,27/05/2017 12:00:00 AM
11,Gardner,Tomczykowski,14/11/2017 12:00:00 AM
12,Quentin,Gilbank,21/02/2018 12:00:00 AM
13,Tarah,Farnell,16/02/2018 12:00:00 AM
14,Waring,Marjot,28/03/2018 12:00:00 AM
15,Godard,McGaughey,25/11/2017 12:00:00 AM
16,Rodrigo,Dalbey,27/11/2017 12:00:00 AM
17,Rhetta,Perazzo,11/03/2018 12:00:00 AM
18,Aldis,Rubartelli,13/06/2017 12:00:00 AM
19,Rochester,MacNess,06/06/2017 12:00:00 AM
20,Brendan,Hickin,22/11/2017 12:00:00 AM
21,Collin,Addenbrooke,16/05/2017 12:00:00 AM
22,Veriee,Rickis,01/06/2017 12:00:00 AM
23,Carry,Ohlsen,04/10/2017 12:00:00 AM
24,Sherie,Turfes,10/02/2018 12:00:00 AM
25,Kincaid,Mardlin,16/12/2017 12:00:00 AM
26,Costanza,Mottershead,24/06/2017 12:00:00 AM
27,Marin,Coudray,15/12/2017 12:00:00 AM
28,Cassaundra,Sirmon,31/08/2017 12:00:00 AM
29,Margie,Yurchishin,06/05/2017 12:00:00 AM
30,Leesa,Wingate,03/12/2017 12:00:00 AM
31,Ivett,Karolyi,04/10/2017 12:00:00 AM
32,Orazio,Minney,14/09/2017 12:00:00 AM
33,Del,Drance,25/08/2017 12:00:00 AM
34,George,Cowthard,10/03/2018 12:00:00 AM
35,Harv,Coney,12/06/2017 12:00:00 AM
36,Randie,Stookes,11/07/2017 12:00:00 AM
37,Bevvy,Proffitt,06/10/2017 12:00:00 AM
38,Janis,Pirrey,19/12/2017 12:00:00 AM
39,Price,Lenox,30/10/2017 12:00:00 AM
40,Hube,Sapseed,07/12/2017 12:00:00 AM
41,Raynell,Rulten,10/08/2017 12:00:00 AM
42,Spenser,Killiner,07/07/2017 12:00:00 AM
43,Mair,Bondesen,08/11/2017 12:00:00 AM
44,Anastasia,Shankster,02/01/2018 12:00:00 AM
45,Nicole,Orwin,23/02/2018 12:00:00 AM
46,Leodora,Mityushkin,11/09/2017 12:00:00 AM
47,Emelda,Kirkby,23/01/2018 12:00:00 AM
48,Marve,Almond,18/10/2017 12:00:00 AM
49,Hugues,Rozet,06/02/2018 12:00:00 AM
50,Ofella,MacGillivray,25/07/2017 12:00:00 AM
51,Egbert,Sagg,24/03/2018 12:00:00 AM
52,Nonnah,Armand,08/01/2018 12:00:00 AM
53,Bernetta,Dodworth,03/05/2017 12:00:00 AM
54,Reamonn,Spurriar,29/09/2017 12:00:00 AM
55,Jed,Hambridge,23/07/2017 12:00:00 AM
56,Alicia,Ciraldo,07/07/2017 12:00:00 AM
57,Sarita,Swinnerton,18/04/2017 12:00:00 AM
58,Aguste,Emmett,04/05/2017 12:00:00 AM
59,Shandeigh,Watsam,28/12/2017 12:00:00 AM
60,Giorgia,O'Hickee,18/09/2017 12:00:00 AM
61,Tobey,Mewhirter,02/03/2018 12:00:00 AM
62,Robena,Sutliff,26/08/2017 12:00:00 AM
63,Marice,Cardew,28/02/2018 12:00:00 AM
64,Keary,Trewett,03/05/2017 12:00:00 AM
65,Lynn,Scarlin,21/10/2017 12:00:00 AM
66,Vere,Grunwall,06/01/2018 12:00:00 AM
67,Nelli,Aarons,17/08/2017 12:00:00 AM
68,Glori,Hinkes,16/07/2017 12:00:00 AM
69,Natassia,Abels,10/05/2017 12:00:00 AM
70,Erma,Abramin,27/09/2017 12:00:00 AM
71,Dana,Fountain,15/09/2017 12:00:00 AM
72,Ade,Rosenstengel,03/10/2017 12:00:00 AM
73,Brok,Adamides,19/08/2017 12:00:00 AM
74,Sari,Macura,05/06/2017 12:00:00 AM
75,Lenna,Areles,27/08/2017 12:00:00 AM
76,Berna,Loveless,17/09/2017 12:00:00 AM
77,Jemmie,Tidgewell,16/02/2018 12:00:00 AM
78,Luigi,Dunsford,06/08/2017 12:00:00 AM
79,Cal,Harriott,24/11/2017 12:00:00 AM
80,Helga,Fitzpatrick,09/02/2018 12:00:00 AM
81,Scotty,Longcaster,20/02/2018 12:00:00 AM
82,Anetta,Beaushaw,25/12/2017 12:00:00 AM
83,Dominique,Stoneman,07/06/2017 12:00:00 AM
84,Colan,Tiley,20/05/2017 12:00:00 AM
85,Elianore,Wyley,10/11/2017 12:00:00 AM
86,Krishna,Voller,16/04/2017 12:00:00 AM
87,Bran,Goering,16/03/2018 12:00:00 AM
88,Gina,Valde,19/04/2017 12:00:00 AM
89,Maegan,Angric,24/12/2017 12:00:00 AM
90,Husain,McOrkil,16/08/2017 12:00:00 AM
91,Derwin,Mc Grath,15/05/2017 12:00:00 AM
92,Teressa,Marzelli,22/07/2017 12:00:00 AM
93,Delano,Bemment,25/01/2018 12:00:00 AM
94,Dolly,Fadian,07/10/2017 12:00:00 AM
95,Dun,Bruce,01/03/2018 12:00:00 AM
96,Babita,Percifull,06/07/2017 12:00:00 AM
97,Maryjane,Kilmurray,16/11/2017 12:00:00 AM
98,Adams,Gilffilland,10/12/2017 12:00:00 AM
99,Matilda,Bucknill,06/02/2018 12:00:00 AM
100,Kincaid,Cuddehay,02/08/2017 12:00:00 AM
101,Abigail,Neilan,09/05/2017 12:00:00 AM
102,Dreddy,Deetlefs,19/08/2017 12:00:00 AM
103,Hilliard,Dartnell,31/10/2017 12:00:00 AM
104,Winfield,Madoc-Jones,05/09/2017 12:00:00 AM
105,Jobina,Blenkinship,12/01/2018 12:00:00 AM
106,Elysia,Frondt,15/08/2017 12:00:00 AM
107,Jammal,Moulding,22/04/2017 12:00:00 AM
108,Therine,Hlavecek,18/12/2017 12:00:00 AM
109,Edith,Leethem,20/10/2017 12:00:00 AM
110,Cindee,Heffernan,29/03/2018 12:00:00 AM
111,Pierrette,Dillon,16/04/2017 12:00:00 AM
112,Tildy,Delacourt,13/04/2017 12:00:00 AM
113,Jenifer,Lotterington,19/09/2017 12:00:00 AM
114,Godfry,Borton,28/12/2017 12:00:00 AM
115,Giraldo,Timcke,18/11/2017 12:00:00 AM
116,Tommie,Connolly,20/08/2017 12:00:00 AM
117,Charlie,Huckabe,16/03/2018 12:00:00 AM
118,Hamlen,McBay,06/03/2018 12:00:00 AM
119,Arline,Skeermer,08/06/2017 12:00:00 AM
120,Karrah,Mapledorum,02/03/2018 12:00:00 AM
121,Dyann,Pucker,31/05/2017 12:00:00 AM
122,Kelley,Rosen,02/07/2017 12:00:00 AM
123,Orton,Clendinning,29/08/2017 12:00:00 AM
124,Nedi,Kryzhov,12/12/2017 12:00:00 AM
125,Augustine,Goodyear,25/06/2017 12:00:00 AM
126,Burch,Daniells,06/06/2017 12:00:00 AM
127,Harald,Eddow,12/12/2017 12:00:00 AM
128,Elsey,Chaucer,03/08/2017 12:00:00 AM
129,Elaina,Ruse,16/12/2017 12:00:00 AM
130,Chip,Gockelen,07/01/2018 12:00:00 AM
131,Kata,Newall,01/12/2017 12:00:00 AM
132,Pammie,Meth,04/01/2018 12:00:00 AM
133,Erica,Twittey,18/05/2017 12:00:00 AM
134,Tiffie,O'Sullivan,15/12/2017 12:00:00 AM
135,Susann,Lilford,30/04/2017 12:00:00 AM
136,Rosette,Behne,24/08/2017 12:00:00 AM
137,Ninette,Alebrooke,10/12/2017 12:00:00 AM
138,Josephina,Downgate,06/08/2017 12:00:00 AM
139,Blinnie,Frain,01/01/2018 12:00:00 AM
140,Ruggiero,Souttar,13/05/2017 12:00:00 AM
141,Kimberlyn,Babe,27/01/2018 12:00:00 AM
142,Linnie,Stronge,10/08/2017 12:00:00 AM
143,Urbain,Cleall,03/11/2017 12:00:00 AM
144,Ivor,Finessy,30/11/2017 12:00:00 AM
145,Marrilee,Marflitt,12/02/2018 12:00:00 AM
146,Rafe,Aspy,04/11/2017 12:00:00 AM
147,Maude,Gilhool,08/08/2017 12:00:00 AM
148,Phyllys,Snook,07/10/2017 12:00:00 AM
149,Nollie,Tremellan,28/05/2017 12:00:00 AM
150,Ruddy,Bygreaves,06/11/2017 12:00:00 AM
151,Holden,Freddi,17/05/2017 12:00:00 AM
152,Base,Patshull,11/02/2018 12:00:00 AM
153,Karrah,Woodnutt,26/07/2017 12:00:00 AM
154,Sander,Ucceli,05/08/2017 12:00:00 AM
155,Wayland,Loughton,14/07/2017 12:00:00 AM
156,Benetta,Echelle,05/11/2017 12:00:00 AM
157,Flory,Aimson,21/05/2017 12:00:00 AM
158,Belle,Chambers,22/03/2018 12:00:00 AM
159,Pierrette,Traylen,12/11/2017 12:00:00 AM
160,Ingram,Yesenin,09/03/2018 12:00:00 AM
161,Avie,Diloway,05/04/2018 12:00:00 AM
162,Bridget,Bradie,14/01/2018 12:00:00 AM
163,Todd,Osgardby,08/08/2017 12:00:00 AM
164,Minda,Merriman,23/02/2018 12:00:00 AM
165,Missie,Goodbarne,16/10/2017 12:00:00 AM
166,Ardelis,Rosina,02/08/2017 12:00:00 AM
167,Adams,Vanner,12/03/2018 12:00:00 AM
168,Delora,Rewan,24/01/2018 12:00:00 AM
169,Bree,Troup,31/05/2017 12:00:00 AM
170,Alexander,Jarrell,07/07/2017 12:00:00 AM
171,Norma,Alexandrou,24/09/2017 12:00:00 AM
172,Bruce,Alishoner,21/01/2018 12:00:00 AM
173,Curtice,Baudinet,13/08/2017 12:00:00 AM
174,Kerr,Peppard,20/06/2017 12:00:00 AM
175,Correna,Giamitti,12/07/2017 12:00:00 AM
176,Harbert,Poynton,12/09/2017 12:00:00 AM
177,Robinia,Volette,15/11/2017 12:00:00 AM
178,Glenn,Galliford,10/10/2017 12:00:00 AM
179,Sherrie,Dobbyn,15/10/2017 12:00:00 AM
180,Frederich,Sinyard,09/07/2017 12:00:00 AM
181,Penny,Benet,25/04/2017 12:00:00 AM
182,Tobey,Chezelle,17/10/2017 12:00:00 AM
183,Klaus,Americi,10/01/2018 12:00:00 AM
184,Murdock,Slaney,10/02/2018 12:00:00 AM
185,Beniamino,Luffman,19/06/2017 12:00:00 AM
186,Pattie,Brady,28/08/2017 12:00:00 AM
187,Salome,Swate,24/09/2017 12:00:00 AM
188,Ramon,Boothby,31/01/2018 12:00:00 AM
189,Mada,Waldron,19/04/2017 12:00:00 AM
190,Olly,Folder,09/01/2018 12:00:00 AM
191,Kenton,Huitt,26/02/2018 12:00:00 AM
192,Vanni,Boame,08/04/2018 12:00:00 AM
193,Marcello,Odda,19/02/2018 12:00:00 AM
194,Brnaby,Jee,10/06/2017 12:00:00 AM
195,Ezri,Twoohy,09/03/2018 12:00:00 AM
196,Brocky,McIsaac,29/04/2017 12:00:00 AM
197,Cynthea,Corah,01/07/2017 12:00:00 AM
198,Daffie,Pink,25/04/2017 12:00:00 AM
199,Petra,Berwick,18/10/2017 12:00:00 AM
200,Delly,Hendrikse,22/08/2017 12:00:00 AM
201,Lewes,Tremonte,25/10/2017 12:00:00 AM
202,Uriel,Ducrow,21/09/2017 12:00:00 AM
203,Yurik,Funcheon,04/11/2017 12:00:00 AM
204,Melodee,Bartkiewicz,26/08/2017 12:00:00 AM
205,Eduardo,Collinette,11/04/2017 12:00:00 AM
206,Herschel,Audas,06/12/2017 12:00:00 AM
207,Inglis,Girth,12/04/2017 12:00:00 AM
208,Isabelle,Koubu,08/08/2017 12:00:00 AM
209,Blanche,Spraging,27/11/2017 12:00:00 AM
210,Major,Richfield,29/01/2018 12:00:00 AM
211,Sammy,Chattelaine,12/08/2017 12:00:00 AM
212,Raine,Mole,02/12/2017 12:00:00 AM
213,Truman,Washbrook,06/02/2018 12:00:00 AM
214,Vidovik,Mc Queen,02/02/2018 12:00:00 AM
215,Meggi,Meriet,16/06/2017 12:00:00 AM
216,Jacynth,Milberry,16/11/2017 12:00:00 AM
217,Jada,MacShirrie,31/03/2018 12:00:00 AM
218,Ardelia,Pettegre,05/05/2017 12:00:00 AM
219,Gerhardine,Berriball,23/12/2017 12:00:00 AM
220,Edeline,Finney,12/08/2017 12:00:00 AM
221,Hartwell,Bladen,14/02/2018 12:00:00 AM
222,Aeriell,Crutcher,18/03/2018 12:00:00 AM
223,Hendrika,Peat,16/11/2017 12:00:00 AM
224,Sherlock,Elcoat,03/05/2017 12:00:00 AM
225,Benedick,Halegarth,14/06/2017 12:00:00 AM
226,Tommi,Whatling,24/01/2018 12:00:00 AM
227,Berny,Rannald,27/07/2017 12:00:00 AM
228,Morgen,Vandrill,20/12/2017 12:00:00 AM
229,Otho,Enriquez,16/04/2017 12:00:00 AM
230,Dorisa,Pendlebery,24/12/2017 12:00:00 AM
231,Silvester,O'Crowley,26/06/2017 12:00:00 AM
232,Antonie,Blackney,28/02/2018 12:00:00 AM
233,Matthiew,Aisman,30/06/2017 12:00:00 AM
234,Berty,Peever,08/07/2017 12:00:00 AM
235,Karissa,Stickins,27/10/2017 12:00:00 AM
236,Annelise,Dines,23/04/2017 12:00:00 AM
237,Russell,Thormwell,10/12/2017 12:00:00 AM
238,Gerick,Waggett,22/03/2018 12:00:00 AM
239,Noami,Gibard,04/08/2017 12:00:00 AM
240,Lazarus,Trousdale,07/09/2017 12:00:00 AM
241,Alwin,Fairholm,28/04/2017 12:00:00 AM
242,Jonas,Harse,14/01/2018 12:00:00 AM
243,Shelley,Tchaikovsky,10/02/2018 12:00:00 AM
244,Georgeanne,Tremmel,26/01/2018 12:00:00 AM
245,Carly,Jacmard,04/11/2017 12:00:00 AM
246,Clea,Rosson,17/05/2017 12:00:00 AM
247,Marcellus,Stockney,19/10/2017 12:00:00 AM
248,Nikolia,Bosma,14/12/2017 12:00:00 AM
249,Auroora,Spinley,05/08/2017 12:00:00 AM
250,Trip,Ferrick,27/08/2017 12:00:00 AM
251,Genni,Mitrikhin,19/07/2017 12:00:00 AM
252,Peyter,Patey,17/04/2017 12:00:00 AM
253,Whittaker,Cutteridge,15/04/2017 12:00:00 AM
254,Giraud,Elfleet,13/11/2017 12:00:00 AM
255,Ashlen,Border,30/09/2017 12:00:00 AM
256,Daphne,Poleykett,06/03/2018 12:00:00 AM
257,Norma,Milthorpe,02/10/2017 12:00:00 AM
258,Emeline,Stewart,11/10/2017 12:00:00 AM
259,Roxie,Ragles,27/12/2017 12:00:00 AM
260,Ashla,Shwalbe,27/09/2017 12:00:00 AM
261,Orren,Stairmand,05/06/2017 12:00:00 AM
262,Spencer,Braham,20/06/2017 12:00:00 AM
263,Odetta,De Santos,19/11/2017 12:00:00 AM
264,Nevil,de Keep,01/01/2018 12:00:00 AM
265,Bunnie,Caddick,03/11/2017 12:00:00 AM
266,Penn,Parke,13/02/2018 12:00:00 AM
267,Breanne,Rosi,06/09/2017 12:00:00 AM
268,Lind,Garnar,14/11/2017 12:00:00 AM
269,Amalle,Grabbam,24/11/2017 12:00:00 AM
270,Ethe,Bygrove,22/12/2017 12:00:00 AM
271,Angeli,Dami,02/09/2017 12:00:00 AM
272,Liliane,Gergler,07/03/2018 12:00:00 AM
273,Bennett,Shervil,10/10/2017 12:00:00 AM
274,Roddy,Solleme,20/08/2017 12:00:00 AM
275,Aguistin,Mackison,25/05/2017 12:00:00 AM
276,Dill,Santello,04/06/2017 12:00:00 AM
277,Alec,Drogan,19/11/2017 12:00:00 AM
278,Dinah,Simmill,01/07/2017 12:00:00 AM
279,Robin,Bugden,26/04/2017 12:00:00 AM
280,Lotty,Chippendale,11/11/2017 12:00:00 AM
281,Lanny,Cawthery,10/07/2017 12:00:00 AM
282,Dulcinea,Brunsen,27/02/2018 12:00:00 AM
283,Erny,Erdis,01/10/2017 12:00:00 AM
284,Jesse,Dewdeny,27/07/2017 12:00:00 AM
285,Pepi,Tregido,12/09/2017 12:00:00 AM
286,Emmerich,Gotcliffe,11/07/2017 12:00:00 AM
287,Doretta,Cruttenden,28/10/2017 12:00:00 AM
288,Lazare,Tabrett,07/06/2017 12:00:00 AM
289,Whitaker,Jachimczak,16/11/2017 12:00:00 AM
290,Leilah,Lynd,30/04/2017 12:00:00 AM
291,Rabi,Spatari,19/11/2017 12:00:00 AM
292,Ula,Rennick,11/11/2017 12:00:00 AM
293,Peadar,Drewery,03/09/2017 12:00:00 AM
294,Dinnie,McInnes,02/09/2017 12:00:00 AM
295,Louie,Dunphy,05/03/2018 12:00:00 AM
296,Rene,Babbage,11/12/2017 12:00:00 AM
297,Esta,Denisovo,24/10/2017 12:00:00 AM
298,Dionysus,Aspell,16/09/2017 12:00:00 AM
299,Ced,Vaissiere,27/07/2017 12:00:00 AM
300,Justine,Westpfel,09/11/2017 12:00:00 AM
301,Karrah,Points,11/11/2017 12:00:00 AM
302,Maximilianus,Tremain,04/07/2017 12:00:00 AM
303,Roslyn,Grog,28/06/2017 12:00:00 AM
304,Miran,Greve,09/05/2017 12:00:00 AM
305,Coralie,Clapham,06/11/2017 12:00:00 AM
306,Leena,Duggan,09/02/2018 12:00:00 AM
307,Anna,Dovydenas,16/08/2017 12:00:00 AM
308,Jesse,Mumberson,28/07/2017 12:00:00 AM
309,Tanner,Turbitt,22/04/2017 12:00:00 AM
310,Irene,Scanterbury,02/09/2017 12:00:00 AM
311,Whitney,Tear,29/10/2017 12:00:00 AM
312,Natassia,Culpen,19/11/2017 12:00:00 AM
313,Maribeth,Fildes,29/07/2017 12:00:00 AM
314,Urbain,Murch,08/10/2017 12:00:00 AM
315,Amberly,Marquis,01/06/2017 12:00:00 AM
316,Jacki,Ciobotaru,07/05/2017 12:00:00 AM
317,Jackie,McKeown,27/12/2017 12:00:00 AM
318,Maiga,Wooler,03/07/2017 12:00:00 AM
319,Renate,Shimon,04/09/2017 12:00:00 AM
320,Ilise,Lambregts,07/03/2018 12:00:00 AM
321,Coraline,Matteucci,12/06/2017 12:00:00 AM
322,Lottie,Spykins,13/02/2018 12:00:00 AM
323,Janeva,Arrow,25/07/2017 12:00:00 AM
324,Sophey,Rigmond,12/10/2017 12:00:00 AM
325,Catherine,Rustman,08/07/2017 12:00:00 AM
326,Orlando,Rustich,13/10/2017 12:00:00 AM
327,Herc,Longrigg,24/03/2018 12:00:00 AM
328,Miner,Muncie,10/12/2017 12:00:00 AM
329,Mab,Menichelli,17/08/2017 12:00:00 AM
330,Jeanie,Jackling,12/05/2017 12:00:00 AM
331,Joana,Manclark,02/08/2017 12:00:00 AM
332,Doralin,Matisse,19/04/2017 12:00:00 AM
333,Alyssa,Reasce,23/04/2017 12:00:00 AM
334,Madelin,Rowlin,16/11/2017 12:00:00 AM
335,Benedicta,Dax,17/08/2017 12:00:00 AM
336,Andrea,Couroy,02/01/2018 12:00:00 AM
337,Bonnee,Redgrove,20/07/2017 12:00:00 AM
338,Giraud,Dealey,13/06/2017 12:00:00 AM
339,Terrye,Hansman,04/01/2018 12:00:00 AM
340,Radcliffe,Crombleholme,04/05/2017 12:00:00 AM
341,Sada,Portman,16/08/2017 12:00:00 AM
342,Gram,Chaperlin,08/04/2018 12:00:00 AM
343,Bibbie,Gillard,26/01/2018 12:00:00 AM
344,Chance,Perton,01/04/2018 12:00:00 AM
345,Yelena,Mardell,13/10/2017 12:00:00 AM
346,Sterne,Tuckerman,19/04/2017 12:00:00 AM
347,Kurt,Royse,04/06/2017 12:00:00 AM
348,Puff,Wathan,24/10/2017 12:00:00 AM
349,Goddart,Silson,23/02/2018 12:00:00 AM
350,Feodora,Neve,02/02/2018 12:00:00 AM
351,Floris,Ellerbeck,15/11/2017 12:00:00 AM
352,Priscilla,Byers,04/11/2017 12:00:00 AM
353,Meriel,Fender,04/05/2017 12:00:00 AM
354,Dinny,Ludlamme,22/05/2017 12:00:00 AM
355,Sauveur,McKenzie,05/04/2018 12:00:00 AM
356,Jodie,Gladwin,01/05/2017 12:00:00 AM
357,Wylie,Hodinton,28/01/2018 12:00:00 AM
358,Drew,Bridie,24/07/2017 12:00:00 AM
359,Loree,Henfre,21/11/2017 12:00:00 AM
360,Avram,Thairs,05/04/2018 12:00:00 AM
361,Thurston,Sackes,24/07/2017 12:00:00 AM
362,Hortensia,Wardhaw,02/10/2017 12:00:00 AM
363,Adriana,Andrin,21/03/2018 12:00:00 AM
364,Melloney,Goodspeed,13/04/2017 12:00:00 AM
365,Bekki,Rabjohns,18/10/2017 12:00:00 AM
366,Grantham,Gitthouse,29/05/2017 12:00:00 AM
367,Arie,Lanphere,29/09/2017 12:00:00 AM
368,Thornton,Mynett,02/05/2017 12:00:00 AM
369,Redd,Hallowell,27/11/2017 12:00:00 AM
370,Barclay,Hugland,10/11/2017 12:00:00 AM
371,Mathias,Dorr,09/08/2017 12:00:00 AM
372,Cris,Wilmott,14/02/2018 12:00:00 AM
373,Lance,Greguoli,18/11/2017 12:00:00 AM
374,Ruttger,Van Vuuren,16/11/2017 12:00:00 AM
375,Jobey,Mitrikhin,06/10/2017 12:00:00 AM
376,Bruno,Rothera,20/07/2017 12:00:00 AM
377,Hyman,Flexman,06/10/2017 12:00:00 AM
378,Cyb,Padden,05/03/2018 12:00:00 AM
379,Reynolds,Kippie,06/05/2017 12:00:00 AM
380,Florette,Bruneton,01/05/2017 12:00:00 AM
381,Florian,Ortells,16/06/2017 12:00:00 AM
382,Stormy,Zarb,20/01/2018 12:00:00 AM
383,Neville,Corser,04/11/2017 12:00:00 AM
384,Dorelia,Doree,07/12/2017 12:00:00 AM
385,Penni,Behrens,10/12/2017 12:00:00 AM
386,Harold,Pedroli,01/02/2018 12:00:00 AM
387,Wilbert,Domb,17/12/2017 12:00:00 AM
388,Torin,Fitzsimons,23/06/2017 12:00:00 AM
389,Vladimir,Pencost,11/12/2017 12:00:00 AM
390,Hana,Andersen,07/10/2017 12:00:00 AM
391,Melosa,Eyden,14/08/2017 12:00:00 AM
392,Samara,Ruzic,13/01/2018 12:00:00 AM
393,Melvyn,Secombe,25/02/2018 12:00:00 AM
394,Jacinthe,Emps,17/11/2017 12:00:00 AM
395,Denys,Enright,15/02/2018 12:00:00 AM
396,Dianna,Brugger,05/07/2017 12:00:00 AM
397,Marnie,Seathwright,21/09/2017 12:00:00 AM
398,Cordula,Linden,11/03/2018 12:00:00 AM
399,Haley,Gee,25/05/2017 12:00:00 AM
400,Augie,Hamlett,25/10/2017 12:00:00 AM
401,Carolus,Potten,04/12/2017 12:00:00 AM
402,Iorgo,Boundy,11/04/2017 12:00:00 AM
403,Brynna,Schirak,11/10/2017 12:00:00 AM
404,Gavin,Sitlinton,09/04/2018 12:00:00 AM
405,Bobinette,Aglione,14/12/2017 12:00:00 AM
406,Chaim,Clancey,06/09/2017 12:00:00 AM
407,Gilemette,Thomazin,29/10/2017 12:00:00 AM
408,Consalve,Blackader,18/02/2018 12:00:00 AM
409,Lazar,Jeays,03/03/2018 12:00:00 AM
410,Daisie,Craigie,03/10/2017 12:00:00 AM
411,Holly,Bogey,08/03/2018 12:00:00 AM
412,Brien,Peplaw,22/07/2017 12:00:00 AM
413,Maxie,Halcro,08/04/2018 12:00:00 AM
414,Thoma,Ortmann,18/06/2017 12:00:00 AM
415,Bond,Diem,02/08/2017 12:00:00 AM
416,Malynda,Myhill,07/08/2017 12:00:00 AM
417,Betteann,Meryett,26/04/2017 12:00:00 AM
418,Skylar,Longshaw,29/03/2018 12:00:00 AM
419,Augy,Dedrick,02/09/2017 12:00:00 AM
420,Saree,Goghin,12/02/2018 12:00:00 AM
421,Jourdan,Letson,13/01/2018 12:00:00 AM
422,Kimberlyn,Greenwood,16/01/2018 12:00:00 AM
423,Jude,MacKim,03/05/2017 12:00:00 AM
424,Westbrook,Corker,30/05/2017 12:00:00 AM
425,Gawen,Hitzmann,31/01/2018 12:00:00 AM
426,Chantal,Kubis,08/05/2017 12:00:00 AM
427,Dell,Riddeough,04/09/2017 12:00:00 AM
428,Mart,Ricold,03/05/2017 12:00:00 AM
429,Kerr,Ferri,05/09/2017 12:00:00 AM
430,Loraine,Pemble,23/08/2017 12:00:00 AM
431,Abbot,Riggoll,17/06/2017 12:00:00 AM
432,Kelila,Boich,22/07/2017 12:00:00 AM
433,Doll,Stapele,07/11/2017 12:00:00 AM
434,Danielle,Steers,14/12/2017 12:00:00 AM
435,Harmon,Lumber,05/01/2018 12:00:00 AM
436,Chaim,Drillingcourt,14/08/2017 12:00:00 AM
437,Adelina,Shakspeare,06/10/2017 12:00:00 AM
438,Shurlocke,Kenright,08/09/2017 12:00:00 AM
439,Delphinia,Copner,15/09/2017 12:00:00 AM
440,Cassy,Comfort,05/03/2018 12:00:00 AM
441,Harrison,Matson,16/11/2017 12:00:00 AM
442,Eleonore,Domsalla,26/02/2018 12:00:00 AM
443,Avrit,Shory,27/07/2017 12:00:00 AM
444,Gonzales,Allabush,22/05/2017 12:00:00 AM
445,Annabal,Cecere,21/07/2017 12:00:00 AM
446,Jeane,Mannin,31/03/2018 12:00:00 AM
447,Ange,Blenkhorn,20/12/2017 12:00:00 AM
448,Mohammed,Trevon,15/03/2018 12:00:00 AM
449,Linnell,Retchless,27/03/2018 12:00:00 AM
450,Roosevelt,Smyley,17/02/2018 12:00:00 AM
451,Nicol,Rosengren,26/08/2017 12:00:00 AM
452,Veriee,Parnaby,13/10/2017 12:00:00 AM
453,Gwenette,Beckingham,18/03/2018 12:00:00 AM
454,Itch,Bosence,25/05/2017 12:00:00 AM
455,Artie,Tonkinson,27/03/2018 12:00:00 AM
456,Melina,Gair,10/08/2017 12:00:00 AM
457,Genvieve,Leat,30/09/2017 12:00:00 AM
458,Eduard,Todarello,30/01/2018 12:00:00 AM
459,Emelia,Cookley,04/12/2017 12:00:00 AM
460,Tully,Behninck,23/06/2017 12:00:00 AM
461,Hatti,Duignan,15/06/2017 12:00:00 AM
462,Benedikta,Kitman,08/06/2017 12:00:00 AM
463,Arlinda,Goldsby,05/04/2018 12:00:00 AM
464,Elvira,Bosanko,13/08/2017 12:00:00 AM
465,Sherry,Garnul,07/04/2018 12:00:00 AM
466,Hinze,Coppo,14/04/2017 12:00:00 AM
467,Reilly,Castro,22/09/2017 12:00:00 AM
468,Humphrey,Trahear,09/04/2018 12:00:00 AM
469,Daphna,Howton,19/04/2017 12:00:00 AM
470,Cornall,Judkin,26/01/2018 12:00:00 AM
471,Ellwood,Dreossi,17/03/2018 12:00:00 AM
472,Jean,Cornwall,31/10/2017 12:00:00 AM
473,Cris,Jancy,20/05/2017 12:00:00 AM
474,Yuma,Pirnie,31/05/2017 12:00:00 AM
475,Lucio,Turmel,19/01/2018 12:00:00 AM
476,Randall,Cran,14/02/2018 12:00:00 AM
477,Olenka,Dawton,20/01/2018 12:00:00 AM
478,Carlota,Moylan,06/03/2018 12:00:00 AM
479,Enid,Perrett,26/12/2017 12:00:00 AM
480,Charles,Midden,09/07/2017 12:00:00 AM
481,Netti,Alenin,04/12/2017 12:00:00 AM
482,Noellyn,Eyeington,21/07/2017 12:00:00 AM
483,Elnora,Weaving,23/09/2017 12:00:00 AM
484,Zolly,Neath,28/03/2018 12:00:00 AM
485,Frasier,MacGown,12/02/2018 12:00:00 AM
486,Stanton,Robion,21/07/2017 12:00:00 AM
487,Ermanno,Welland,11/09/2017 12:00:00 AM
488,Cully,Trewman,29/11/2017 12:00:00 AM
489,Bendicty,MacIlriach,12/05/2017 12:00:00 AM
490,Amalea,Pittle,27/03/2018 12:00:00 AM
491,Batholomew,Forbes,30/04/2017 12:00:00 AM
492,Osbourn,Jaffrey,23/06/2017 12:00:00 AM
493,Sonny,Yoselevitch,23/12/2017 12:00:00 AM
494,Wilmer,Lowerson,23/10/2017 12:00:00 AM
495,Carena,Braunfeld,07/07/2017 12:00:00 AM
496,Nalani,Bladder,27/03/2018 12:00:00 AM
497,Caron,Jancy,30/09/2017 12:00:00 AM
498,Kristian,Luisetti,30/09/2017 12:00:00 AM
499,Marian,Briar,14/06/2017 12:00:00 AM
500,Sinclare,Batrim,16/01/2018 12:00:00 AM
